{
    "rmse": 0.956576046598105,
    "mae": 0.8105035153687468,
    "r2": 0.7759436165441698
}